Date&Time,RCActions,JoyActions,VehiclePosition,ShovelPosition,ArmHeight,ArmShortHeight,BladeImu,VehicleImu,GridMap,Grade
"20-04,09:40:10","(1500, 1500, 1500, 1500, 2000, 1500, 1500, 1500)","(-0.0, -0.0, 1.0, 0.0, 0.0, 1.0, 0.0, 0.0)",,,146,110,"{'orientation': x: 0.033603819790102823
y: -0.6078678858304546
z: 0.005767800381342732
w: 0.7933058358226597, 'angular_velocity': x: 0.0
y: 0.0
z: 0.0, 'linear_acceleration': x: 0.0
y: 0.0
z: 0.0}","{'orientation': x: -0.007847852539398797
y: 0.01849524735128772
z: -0.7792403439173262
w: -0.6264030838426178, 'angular_velocity': x: 0.0003001836594194174
y: -0.00022454606369137759
z: 0.0004617865197360516, 'linear_acceleration': x: 0.32361945000000003
y: -0.20593964999999878
z: 9.8262633}",,N/A
"20-04,09:40:11","(1500, 1500, 1500, 1500, 2000, 1500, 1500, 1500)","(-0.0, -0.0, 1.0, 0.0, 0.0, 1.0, 0.0, 0.0)",,,145,112,"{'orientation': x: 0.033603819790102823
y: -0.6078678858304546
z: 0.005767800381342732
w: 0.7933058358226597, 'angular_velocity': x: 0.0
y: 0.0
z: 0.0, 'linear_acceleration': x: 0.0
y: 0.0
z: 0.0}","{'orientation': x: -0.00785978762715109
y: 0.018580356352981758
z: -0.7792026987055883
w: -0.6264472431308008, 'angular_velocity': x: 0.00032749027013778687
y: -0.0003654347965493798
z: 0.0001531136222183705, 'linear_acceleration': x: 0.32361945000000003
y: -0.20593964999999878
z: 9.83606995}",,N/A
"20-04,09:40:14","(1894, 1500, 1500, 1500, 2000, 1500, 1500, 1500)","(-0.0, -0.0, 1.0, 0.0, 0.0, -0.9668472409248352, 0.0, 0.0)",,,145,116,"{'orientation': x: 0.033603819790102823
y: -0.6078678858304546
z: 0.005767800381342732
w: 0.7933058358226597, 'angular_velocity': x: 0.0
y: 0.0
z: 0.0, 'linear_acceleration': x: 0.0
y: 0.0
z: 0.0}","{'orientation': x: -0.007857300363196314
y: 0.018792301372547334
z: -0.7790940261463074
w: -0.6265761012544786, 'angular_velocity': x: -0.00014123250730335712
y: -5.279958713799716e-05
z: -3.624660894274711e-05, 'linear_acceleration': x: 0.32361945000000003
y: -0.21574629999999878
z: 9.8458766}",,N/A
"20-04,09:40:14","(1510, 1500, 1500, 1500, 2000, 1500, 1500, 1500)","(-0.0, -0.0, 1.0, 0.0, 0.0, 0.9503030180931091, 0.0, 0.0)",,,145,116,"{'orientation': x: 0.033603819790102823
y: -0.6078678858304546
z: 0.005767800381342732
w: 0.7933058358226597, 'angular_velocity': x: 0.0
y: 0.0
z: 0.0, 'linear_acceleration': x: 0.0
y: 0.0
z: 0.0}","{'orientation': x: -0.007857300363196314
y: 0.018792301372547334
z: -0.7790940261463074
w: -0.6265761012544786, 'angular_velocity': x: -0.00014123250730335712
y: -5.279958713799716e-05
z: -3.624660894274711e-05, 'linear_acceleration': x: 0.32361945000000003
y: -0.21574629999999878
z: 9.8458766}",,N/A
"20-04,09:40:14","(1534, 1500, 1500, 1500, 2000, 1500, 1500, 1500)","(-0.0, -0.0, 1.0, 0.0, 0.0, 0.8342684507369995, 0.0, 0.0)",,,145,116,"{'orientation': x: 0.033603819790102823
y: -0.6078678858304546
z: 0.005767800381342732
w: 0.7933058358226597, 'angular_velocity': x: 0.0
y: 0.0
z: 0.0, 'linear_acceleration': x: 0.0
y: 0.0
z: 0.0}","{'orientation': x: -0.007857300363196314
y: 0.018792301372547334
z: -0.7790940261463074
w: -0.6265761012544786, 'angular_velocity': x: -0.00014123250730335712
y: -5.279958713799716e-05
z: -3.624660894274711e-05, 'linear_acceleration': x: 0.32361945000000003
y: -0.21574629999999878
z: 9.8458766}",,N/A
"20-04,09:40:14","(1544, 1500, 1500, 1500, 2000, 1500, 1500, 1500)","(-0.0, -0.0, 1.0, 0.0, 0.0, 0.7762511372566223, 0.0, 0.0)",,,145,116,"{'orientation': x: 0.033603819790102823
y: -0.6078678858304546
z: 0.005767800381342732
w: 0.7933058358226597, 'angular_velocity': x: 0.0
y: 0.0
z: 0.0, 'linear_acceleration': x: 0.0
y: 0.0
z: 0.0}","{'orientation': x: -0.007857300363196314
y: 0.018792301372547334
z: -0.7790940261463074
w: -0.6265761012544786, 'angular_velocity': x: -0.00014123250730335712
y: -5.279958713799716e-05
z: -3.624660894274711e-05, 'linear_acceleration': x: 0.32361945000000003
y: -0.21574629999999878
z: 9.8458766}",,N/A
"20-04,09:40:14","(1550, 1500, 1500, 1500, 2000, 1500, 1500, 1500)","(-0.0, -0.0, 1.0, 0.0, 0.0, 0.7513865828514099, 0.0, 0.0)",,,145,116,"{'orientation': x: 0.033603819790102823
y: -0.6078678858304546
z: 0.005767800381342732
w: 0.7933058358226597, 'angular_velocity': x: 0.0
y: 0.0
z: 0.0, 'linear_acceleration': x: 0.0
y: 0.0
z: 0.0}","{'orientation': x: -0.007857300363196314
y: 0.018792301372547334
z: -0.7790940261463074
w: -0.6265761012544786, 'angular_velocity': x: -0.00014123250730335712
y: -5.279958713799716e-05
z: -3.624660894274711e-05, 'linear_acceleration': x: 0.32361945000000003
y: -0.21574629999999878
z: 9.8458766}",,N/A
"20-04,09:40:14","(1576, 1500, 1500, 1500, 2000, 1500, 1500, 1500)","(-0.0, -0.0, 1.0, 0.0, 0.0, 0.6187756061553955, 0.0, 0.0)",,,145,116,"{'orientation': x: 0.033603819790102823
y: -0.6078678858304546
z: 0.005767800381342732
w: 0.7933058358226597, 'angular_velocity': x: 0.0
y: 0.0
z: 0.0, 'linear_acceleration': x: 0.0
y: 0.0
z: 0.0}","{'orientation': x: -0.007857300363196314
y: 0.018792301372547334
z: -0.7790940261463074
w: -0.6265761012544786, 'angular_velocity': x: -0.00014123250730335712
y: -5.279958713799716e-05
z: -3.624660894274711e-05, 'linear_acceleration': x: 0.32361945000000003
y: -0.21574629999999878
z: 9.8458766}",,N/A
"20-04,09:40:14","(1586, 1500, 1500, 1500, 2000, 1500, 1500, 1500)","(-0.0, -0.0, 1.0, 0.0, 0.0, 0.5690464973449707, 0.0, 0.0)",,,146,112,"{'orientation': x: 0.033603819790102823
y: -0.6078678858304546
z: 0.005767800381342732
w: 0.7933058358226597, 'angular_velocity': x: 0.0
y: 0.0
z: 0.0, 'linear_acceleration': x: 0.0
y: 0.0
z: 0.0}","{'orientation': x: -0.007857300363196314
y: 0.018792301372547334
z: -0.7790940261463074
w: -0.6265761012544786, 'angular_velocity': x: -0.00014123250730335712
y: -5.279958713799716e-05
z: -3.624660894274711e-05, 'linear_acceleration': x: 0.32361945000000003
y: -0.21574629999999878
z: 9.8458766}",,N/A
"20-04,09:40:14","(1592, 1500, 1500, 1500, 2000, 1500, 1500, 1500)","(-0.0, -0.0, 1.0, 0.0, 0.0, 0.5358937978744507, 0.0, 0.0)",,,146,112,"{'orientation': x: 0.033603819790102823
y: -0.6078678858304546
z: 0.005767800381342732
w: 0.7933058358226597, 'angular_velocity': x: 0.0
y: 0.0
z: 0.0, 'linear_acceleration': x: 0.0
y: 0.0
z: 0.0}","{'orientation': x: -0.007857300363196314
y: 0.018792301372547334
z: -0.7790940261463074
w: -0.6265761012544786, 'angular_velocity': x: -0.00014123250730335712
y: -5.279958713799716e-05
z: -3.624660894274711e-05, 'linear_acceleration': x: 0.32361945000000003
y: -0.21574629999999878
z: 9.8458766}",,N/A
"20-04,09:40:14","(1604, 1500, 1500, 1500, 2000, 1500, 1500, 1500)","(-0.0, -0.0, 1.0, 0.0, 0.0, 0.4778764843940735, 0.0, 0.0)",,,146,112,"{'orientation': x: 0.033603819790102823
y: -0.6078678858304546
z: 0.005767800381342732
w: 0.7933058358226597, 'angular_velocity': x: 0.0
y: 0.0
z: 0.0, 'linear_acceleration': x: 0.0
y: 0.0
z: 0.0}","{'orientation': x: -0.007857300363196314
y: 0.018792301372547334
z: -0.7790940261463074
w: -0.6265761012544786, 'angular_velocity': x: -0.00014123250730335712
y: -5.279958713799716e-05
z: -3.624660894274711e-05, 'linear_acceleration': x: 0.32361945000000003
y: -0.21574629999999878
z: 9.8458766}",,N/A
"20-04,09:40:14","(1612, 1500, 1500, 1500, 2000, 1500, 1500, 1500)","(-0.0, -0.0, 1.0, 0.0, 0.0, 0.43640345335006714, 0.0, 0.0)",,,146,112,"{'orientation': x: 0.033603819790102823
y: -0.6078678858304546
z: 0.005767800381342732
w: 0.7933058358226597, 'angular_velocity': x: 0.0
y: 0.0
z: 0.0, 'linear_acceleration': x: 0.0
y: 0.0
z: 0.0}","{'orientation': x: -0.007857300363196314
y: 0.018792301372547334
z: -0.7790940261463074
w: -0.6265761012544786, 'angular_velocity': x: -0.00014123250730335712
y: -5.279958713799716e-05
z: -3.624660894274711e-05, 'linear_acceleration': x: 0.32361945000000003
y: -0.21574629999999878
z: 9.8458766}",,N/A
"20-04,09:40:14","(1628, 1500, 1500, 1500, 2000, 1500, 1500, 1500)","(-0.0, -0.0, 1.0, 0.0, 0.0, 0.36180979013442993, 0.0, 0.0)",,,146,112,"{'orientation': x: 0.033603819790102823
y: -0.6078678858304546
z: 0.005767800381342732
w: 0.7933058358226597, 'angular_velocity': x: 0.0
y: 0.0
z: 0.0, 'linear_acceleration': x: 0.0
y: 0.0
z: 0.0}","{'orientation': x: -0.007857300363196314
y: 0.018792301372547334
z: -0.7790940261463074
w: -0.6265761012544786, 'angular_velocity': x: -0.00014123250730335712
y: -5.279958713799716e-05
z: -3.624660894274711e-05, 'linear_acceleration': x: 0.32361945000000003
y: -0.21574629999999878
z: 9.8458766}",,N/A
"20-04,09:40:14","(1636, 1500, 1500, 1500, 2000, 1500, 1500, 1500)","(-0.0, -0.0, 1.0, 0.0, 0.0, 0.32036885619163513, 0.0, 0.0)",,,145,108,"{'orientation': x: 0.033603819790102823
y: -0.6078678858304546
z: 0.005767800381342732
w: 0.7933058358226597, 'angular_velocity': x: 0.0
y: 0.0
z: 0.0, 'linear_acceleration': x: 0.0
y: 0.0
z: 0.0}","{'orientation': x: -0.007857300363196314
y: 0.018792301372547334
z: -0.7790940261463074
w: -0.6265761012544786, 'angular_velocity': x: -0.00014123250730335712
y: -5.279958713799716e-05
z: -3.624660894274711e-05, 'linear_acceleration': x: 0.32361945000000003
y: -0.21574629999999878
z: 9.8458766}",,N/A
"20-04,09:40:14","(1642, 1500, 1500, 1500, 2000, 1500, 1500, 1500)","(-0.0, -0.0, 1.0, 0.0, 0.0, 0.2872161269187927, 0.0, 0.0)",,,145,108,"{'orientation': x: 0.033603819790102823
y: -0.6078678858304546
z: 0.005767800381342732
w: 0.7933058358226597, 'angular_velocity': x: 0.0
y: 0.0
z: 0.0, 'linear_acceleration': x: 0.0
y: 0.0
z: 0.0}","{'orientation': x: -0.007857300363196314
y: 0.018792301372547334
z: -0.7790940261463074
w: -0.6265761012544786, 'angular_velocity': x: -0.00014123250730335712
y: -5.279958713799716e-05
z: -3.624660894274711e-05, 'linear_acceleration': x: 0.32361945000000003
y: -0.21574629999999878
z: 9.8458766}",,N/A
"20-04,09:40:14","(1660, 1500, 1500, 1500, 2000, 1500, 1500, 1500)","(-0.0, -0.0, 1.0, 0.0, 0.0, 0.20433427393436432, 0.0, 0.0)",,,145,108,"{'orientation': x: 0.033603819790102823
y: -0.6078678858304546
z: 0.005767800381342732
w: 0.7933058358226597, 'angular_velocity': x: 0.0
y: 0.0
z: 0.0, 'linear_acceleration': x: 0.0
y: 0.0
z: 0.0}","{'orientation': x: -0.007857300363196314
y: 0.018792301372547334
z: -0.7790940261463074
w: -0.6265761012544786, 'angular_velocity': x: -0.00014123250730335712
y: -5.279958713799716e-05
z: -3.624660894274711e-05, 'linear_acceleration': x: 0.32361945000000003
y: -0.21574629999999878
z: 9.8458766}",,N/A
"20-04,09:40:14","(1664, 1500, 1500, 1500, 2000, 1500, 1500, 1500)","(-0.0, -0.0, 1.0, 0.0, 0.0, 0.17946971952915192, 0.0, 0.0)",,,145,108,"{'orientation': x: 0.033603819790102823
y: -0.6078678858304546
z: 0.005767800381342732
w: 0.7933058358226597, 'angular_velocity': x: 0.0
y: 0.0
z: 0.0, 'linear_acceleration': x: 0.0
y: 0.0
z: 0.0}","{'orientation': x: -0.007857300363196314
y: 0.018792301372547334
z: -0.7790940261463074
w: -0.6265761012544786, 'angular_velocity': x: -0.00014123250730335712
y: -5.279958713799716e-05
z: -3.624660894274711e-05, 'linear_acceleration': x: 0.32361945000000003
y: -0.21574629999999878
z: 9.8458766}",,N/A
"20-04,09:40:14","(1674, 1500, 1500, 1500, 2000, 1500, 1500, 1500)","(-0.0, -0.0, 1.0, 0.0, 0.0, 0.1297406107187271, 0.0, 0.0)",,,146,121,"{'orientation': x: 0.033603819790102823
y: -0.6078678858304546
z: 0.005767800381342732
w: 0.7933058358226597, 'angular_velocity': x: 0.0
y: 0.0
z: 0.0, 'linear_acceleration': x: 0.0
y: 0.0
z: 0.0}","{'orientation': x: -0.007857300363196314
y: 0.018792301372547334
z: -0.7790940261463074
w: -0.6265761012544786, 'angular_velocity': x: -0.00014123250730335712
y: -5.279958713799716e-05
z: -3.624660894274711e-05, 'linear_acceleration': x: 0.32361945000000003
y: -0.21574629999999878
z: 9.8458766}",,N/A
"20-04,09:40:14","(1676, 1500, 1500, 1500, 2000, 1500, 1500, 1500)","(-0.0, -0.0, 1.0, 0.0, 0.0, 0.12145242094993591, 0.0, 0.0)",,,146,121,"{'orientation': x: 0.033603819790102823
y: -0.6078678858304546
z: 0.005767800381342732
w: 0.7933058358226597, 'angular_velocity': x: 0.0
y: 0.0
z: 0.0, 'linear_acceleration': x: 0.0
y: 0.0
z: 0.0}","{'orientation': x: -0.007857300363196314
y: 0.018792301372547334
z: -0.7790940261463074
w: -0.6265761012544786, 'angular_velocity': x: -0.00014123250730335712
y: -5.279958713799716e-05
z: -3.624660894274711e-05, 'linear_acceleration': x: 0.32361945000000003
y: -0.21574629999999878
z: 9.8458766}",,N/A
"20-04,09:40:14","(1682, 1500, 1500, 1500, 2000, 1500, 1500, 1500)","(-0.0, -0.0, 1.0, 0.0, 0.0, 0.08829968422651291, 0.0, 0.0)",,,146,121,"{'orientation': x: 0.033603819790102823
y: -0.6078678858304546
z: 0.005767800381342732
w: 0.7933058358226597, 'angular_velocity': x: 0.0
y: 0.0
z: 0.0, 'linear_acceleration': x: 0.0
y: 0.0
z: 0.0}","{'orientation': x: -0.007857300363196314
y: 0.018792301372547334
z: -0.7790940261463074
w: -0.6265761012544786, 'angular_velocity': x: -0.00014123250730335712
y: -5.279958713799716e-05
z: -3.624660894274711e-05, 'linear_acceleration': x: 0.32361945000000003
y: -0.21574629999999878
z: 9.8458766}",,N/A
"20-04,09:40:14","(1690, 1500, 1500, 1500, 2000, 1500, 1500, 1500)","(-0.0, -0.0, 1.0, 0.0, 0.0, 0.046858761459589005, 0.0, 0.0)",,,146,121,"{'orientation': x: 0.033603819790102823
y: -0.6078678858304546
z: 0.005767800381342732
w: 0.7933058358226597, 'angular_velocity': x: 0.0
y: 0.0
z: 0.0, 'linear_acceleration': x: 0.0
y: 0.0
z: 0.0}","{'orientation': x: -0.007857300363196314
y: 0.018792301372547334
z: -0.7790940261463074
w: -0.6265761012544786, 'angular_velocity': x: -0.00014123250730335712
y: -5.279958713799716e-05
z: -3.624660894274711e-05, 'linear_acceleration': x: 0.32361945000000003
y: -0.21574629999999878
z: 9.8458766}",,N/A
"20-04,09:40:14","(1698, 1500, 1500, 1500, 2000, 1500, 1500, 1500)","(-0.0, -0.0, 1.0, 0.0, 0.0, 0.0054178386926651, 0.0, 0.0)",,,146,121,"{'orientation': x: 0.033603819790102823
y: -0.6078678858304546
z: 0.005767800381342732
w: 0.7933058358226597, 'angular_velocity': x: 0.0
y: 0.0
z: 0.0, 'linear_acceleration': x: 0.0
y: 0.0
z: 0.0}","{'orientation': x: -0.007857300363196314
y: 0.018792301372547334
z: -0.7790940261463074
w: -0.6265761012544786, 'angular_velocity': x: -0.00014123250730335712
y: -5.279958713799716e-05
z: -3.624660894274711e-05, 'linear_acceleration': x: 0.32361945000000003
y: -0.21574629999999878
z: 9.8458766}",,N/A
"20-04,09:40:14","(1700, 1500, 1500, 1500, 2000, 1500, 1500, 1500)","(-0.0, -0.0, 1.0, 0.0, 0.0, -0.0, 0.0, 0.0)",,,144,117,"{'orientation': x: 0.033603819790102823
y: -0.6078678858304546
z: 0.005767800381342732
w: 0.7933058358226597, 'angular_velocity': x: 0.0
y: 0.0
z: 0.0, 'linear_acceleration': x: 0.0
y: 0.0
z: 0.0}","{'orientation': x: -0.007857300363196314
y: 0.018792301372547334
z: -0.7790940261463074
w: -0.6265761012544786, 'angular_velocity': x: -0.00014123250730335712
y: -5.279958713799716e-05
z: -3.624660894274711e-05, 'linear_acceleration': x: 0.32361945000000003
y: -0.21574629999999878
z: 9.8458766}",,N/A
"20-04,09:40:14","(1700, 1500, 1500, 1500, 2000, 1500, 1500, 1500)","(-0.0, -0.0, 1.0, 0.0, 0.0, -0.0, 0.0, 0.0)",,,144,117,"{'orientation': x: 0.033603819790102823
y: -0.6078678858304546
z: 0.005767800381342732
w: 0.7933058358226597, 'angular_velocity': x: 0.0
y: 0.0
z: 0.0, 'linear_acceleration': x: 0.0
y: 0.0
z: 0.0}","{'orientation': x: -0.007857300363196314
y: 0.018792301372547334
z: -0.7790940261463074
w: -0.6265761012544786, 'angular_velocity': x: -0.00014123250730335712
y: -5.279958713799716e-05
z: -3.624660894274711e-05, 'linear_acceleration': x: 0.32361945000000003
y: -0.21574629999999878
z: 9.8458766}",,N/A
"20-04,09:40:14","(1700, 1500, 1500, 1500, 2000, 1500, 1500, 1500)","(-0.0, -0.0, 1.0, 0.0, 0.0, -0.0, 0.0, 0.0)",,,144,117,"{'orientation': x: 0.033603819790102823
y: -0.6078678858304546
z: 0.005767800381342732
w: 0.7933058358226597, 'angular_velocity': x: 0.0
y: 0.0
z: 0.0, 'linear_acceleration': x: 0.0
y: 0.0
z: 0.0}","{'orientation': x: -0.007857300363196314
y: 0.018792301372547334
z: -0.7790940261463074
w: -0.6265761012544786, 'angular_velocity': x: -0.00014123250730335712
y: -5.279958713799716e-05
z: -3.624660894274711e-05, 'linear_acceleration': x: 0.32361945000000003
y: -0.21574629999999878
z: 9.8458766}",,N/A
"20-04,09:40:14","(1704, 1500, 1500, 1500, 2000, 1500, 1500, 1500)","(-0.0, -0.0, 1.0, 0.0, 0.0, -0.021962083876132965, 0.0, 0.0)",,,144,117,"{'orientation': x: 0.033603819790102823
y: -0.6078678858304546
z: 0.005767800381342732
w: 0.7933058358226597, 'angular_velocity': x: 0.0
y: 0.0
z: 0.0, 'linear_acceleration': x: 0.0
y: 0.0
z: 0.0}","{'orientation': x: -0.007857300363196314
y: 0.018792301372547334
z: -0.7790940261463074
w: -0.6265761012544786, 'angular_velocity': x: -0.00014123250730335712
y: -5.279958713799716e-05
z: -3.624660894274711e-05, 'linear_acceleration': x: 0.32361945000000003
y: -0.21574629999999878
z: 9.8458766}",,N/A
"20-04,09:40:14","(1728, 1500, 1500, 1500, 2000, 1500, 1500, 1500)","(-0.0, -0.0, 1.0, 0.0, 0.0, -0.13799667358398438, 0.0, 0.0)",,,144,117,"{'orientation': x: 0.033603819790102823
y: -0.6078678858304546
z: 0.005767800381342732
w: 0.7933058358226597, 'angular_velocity': x: 0.0
y: 0.0
z: 0.0, 'linear_acceleration': x: 0.0
y: 0.0
z: 0.0}","{'orientation': x: -0.007857300363196314
y: 0.018792301372547334
z: -0.7790940261463074
w: -0.6265761012544786, 'angular_velocity': x: -0.00014123250730335712
y: -5.279958713799716e-05
z: -3.624660894274711e-05, 'linear_acceleration': x: 0.32361945000000003
y: -0.21574629999999878
z: 9.8458766}",,N/A
"20-04,09:40:14","(1744, 1500, 1500, 1500, 2000, 1500, 1500, 1500)","(-0.0, -0.0, 1.0, 0.0, 0.0, -0.2208785116672516, 0.0, 0.0)",,,144,117,"{'orientation': x: 0.033603819790102823
y: -0.6078678858304546
z: 0.005767800381342732
w: 0.7933058358226597, 'angular_velocity': x: 0.0
y: 0.0
z: 0.0, 'linear_acceleration': x: 0.0
y: 0.0
z: 0.0}","{'orientation': x: -0.007857300363196314
y: 0.018792301372547334
z: -0.7790940261463074
w: -0.6265761012544786, 'angular_velocity': x: -0.00014123250730335712
y: -5.279958713799716e-05
z: -3.624660894274711e-05, 'linear_acceleration': x: 0.32361945000000003
y: -0.21574629999999878
z: 9.8458766}",,N/A
"20-04,09:40:14","(1758, 1500, 1500, 1500, 2000, 1500, 1500, 1500)","(-0.0, -0.0, 1.0, 0.0, 0.0, -0.2871840000152588, 0.0, 0.0)",,,145,120,"{'orientation': x: 0.033603819790102823
y: -0.6078678858304546
z: 0.005767800381342732
w: 0.7933058358226597, 'angular_velocity': x: 0.0
y: 0.0
z: 0.0, 'linear_acceleration': x: 0.0
y: 0.0
z: 0.0}","{'orientation': x: -0.007857300363196314
y: 0.018792301372547334
z: -0.7790940261463074
w: -0.6265761012544786, 'angular_velocity': x: -0.00014123250730335712
y: -5.279958713799716e-05
z: -3.624660894274711e-05, 'linear_acceleration': x: 0.32361945000000003
y: -0.21574629999999878
z: 9.8458766}",,N/A
"20-04,09:40:14","(1774, 1500, 1500, 1500, 2000, 1500, 1500, 1500)","(-0.0, -0.0, 1.0, 0.0, 0.0, -0.370065838098526, 0.0, 0.0)",,,145,120,"{'orientation': x: 0.033603819790102823
y: -0.6078678858304546
z: 0.005767800381342732
w: 0.7933058358226597, 'angular_velocity': x: 0.0
y: 0.0
z: 0.0, 'linear_acceleration': x: 0.0
y: 0.0
z: 0.0}","{'orientation': x: -0.007857300363196314
y: 0.018792301372547334
z: -0.7790940261463074
w: -0.6265761012544786, 'angular_velocity': x: -0.00014123250730335712
y: -5.279958713799716e-05
z: -3.624660894274711e-05, 'linear_acceleration': x: 0.32361945000000003
y: -0.21574629999999878
z: 9.8458766}",,N/A
"20-04,09:40:14","(1810, 1500, 1500, 1500, 2000, 1500, 1500, 1500)","(-0.0, -0.0, 1.0, 0.0, 0.0, -0.5524380207061768, 0.0, 0.0)",,,145,120,"{'orientation': x: 0.033603819790102823
y: -0.6078678858304546
z: 0.005767800381342732
w: 0.7933058358226597, 'angular_velocity': x: 0.0
y: 0.0
z: 0.0, 'linear_acceleration': x: 0.0
y: 0.0
z: 0.0}","{'orientation': x: -0.007857300363196314
y: 0.018792301372547334
z: -0.7790940261463074
w: -0.6265761012544786, 'angular_velocity': x: -0.00014123250730335712
y: -5.279958713799716e-05
z: -3.624660894274711e-05, 'linear_acceleration': x: 0.32361945000000003
y: -0.21574629999999878
z: 9.8458766}",,N/A
"20-04,09:40:14","(1842, 1500, 1500, 1500, 2000, 1500, 1500, 1500)","(-0.0, -0.0, 1.0, 0.0, 0.0, -0.7099135518074036, 0.0, 0.0)",,,145,120,"{'orientation': x: 0.033603819790102823
y: -0.6078678858304546
z: 0.005767800381342732
w: 0.7933058358226597, 'angular_velocity': x: 0.0
y: 0.0
z: 0.0, 'linear_acceleration': x: 0.0
y: 0.0
z: 0.0}","{'orientation': x: -0.007857300363196314
y: 0.018792301372547334
z: -0.7790940261463074
w: -0.6265761012544786, 'angular_velocity': x: -0.00014123250730335712
y: -5.279958713799716e-05
z: -3.624660894274711e-05, 'linear_acceleration': x: 0.32361945000000003
y: -0.21574629999999878
z: 9.8458766}",,N/A
"20-04,09:40:14","(1856, 1500, 1500, 1500, 2000, 1500, 1500, 1500)","(-0.0, -0.0, 1.0, 0.0, 0.0, -0.7845072150230408, 0.0, 0.0)",,,145,120,"{'orientation': x: 0.033603819790102823
y: -0.6078678858304546
z: 0.005767800381342732
w: 0.7933058358226597, 'angular_velocity': x: 0.0
y: 0.0
z: 0.0, 'linear_acceleration': x: 0.0
y: 0.0
z: 0.0}","{'orientation': x: -0.007892504203330757
y: 0.018803326234191925
z: -0.779048530425509
w: -0.6266318939710821, 'angular_velocity': x: 0.00045657064765691757
y: -0.0003891515079885722
z: -0.0003978754393756389, 'linear_acceleration': x: 0.32361945000000003
y: -0.21574629999999878
z: 9.83606995}",,N/A
"20-04,09:40:14","(1862, 1500, 1500, 1500, 2000, 1500, 1500, 1500)","(-0.0, -0.0, 1.0, 0.0, 0.0, -0.8093717694282532, 0.0, 0.0)",,,145,115,"{'orientation': x: 0.033603819790102823
y: -0.6078678858304546
z: 0.005767800381342732
w: 0.7933058358226597, 'angular_velocity': x: 0.0
y: 0.0
z: 0.0, 'linear_acceleration': x: 0.0
y: 0.0
z: 0.0}","{'orientation': x: -0.007892504203330757
y: 0.018803326234191925
z: -0.779048530425509
w: -0.6266318939710821, 'angular_velocity': x: 0.00045657064765691757
y: -0.0003891515079885722
z: -0.0003978754393756389, 'linear_acceleration': x: 0.32361945000000003
y: -0.21574629999999878
z: 9.83606995}",,N/A
"20-04,09:40:14","(1872, 1500, 1500, 1500, 2000, 1500, 1500, 1500)","(-0.0, -0.0, 1.0, 0.0, 0.0, -0.859100878238678, 0.0, 0.0)",,,145,115,"{'orientation': x: 0.033603819790102823
y: -0.6078678858304546
z: 0.005767800381342732
w: 0.7933058358226597, 'angular_velocity': x: 0.0
y: 0.0
z: 0.0, 'linear_acceleration': x: 0.0
y: 0.0
z: 0.0}","{'orientation': x: -0.007892504203330757
y: 0.018803326234191925
z: -0.779048530425509
w: -0.6266318939710821, 'angular_velocity': x: 0.00045657064765691757
y: -0.0003891515079885722
z: -0.0003978754393756389, 'linear_acceleration': x: 0.32361945000000003
y: -0.21574629999999878
z: 9.83606995}",,N/A
"20-04,09:40:14","(1874, 1500, 1500, 1500, 2000, 1500, 1500, 1500)","(-0.0, -0.0, 1.0, 0.0, 0.0, -0.8673890233039856, 0.0, 0.0)",,,145,115,"{'orientation': x: 0.033603819790102823
y: -0.6078678858304546
z: 0.005767800381342732
w: 0.7933058358226597, 'angular_velocity': x: 0.0
y: 0.0
z: 0.0, 'linear_acceleration': x: 0.0
y: 0.0
z: 0.0}","{'orientation': x: -0.007892504203330757
y: 0.018803326234191925
z: -0.779048530425509
w: -0.6266318939710821, 'angular_velocity': x: 0.00045657064765691757
y: -0.0003891515079885722
z: -0.0003978754393756389, 'linear_acceleration': x: 0.32361945000000003
y: -0.21574629999999878
z: 9.83606995}",,N/A
"20-04,09:40:14","(1886, 1500, 1500, 1500, 2000, 1500, 1500, 1500)","(-0.0, -0.0, 1.0, 0.0, 0.0, -0.9254063367843628, 0.0, 0.0)",,,145,115,"{'orientation': x: 0.033603819790102823
y: -0.6078678858304546
z: 0.005767800381342732
w: 0.7933058358226597, 'angular_velocity': x: 0.0
y: 0.0
z: 0.0, 'linear_acceleration': x: 0.0
y: 0.0
z: 0.0}","{'orientation': x: -0.007892504203330757
y: 0.018803326234191925
z: -0.779048530425509
w: -0.6266318939710821, 'angular_velocity': x: 0.00045657064765691757
y: -0.0003891515079885722
z: -0.0003978754393756389, 'linear_acceleration': x: 0.32361945000000003
y: -0.21574629999999878
z: 9.83606995}",,N/A
"20-04,09:40:14","(1886, 1500, 1500, 1500, 2000, 1500, 1500, 1500)","(-0.0, -0.0, 1.0, 0.0, 0.0, -0.9336945414543152, 0.0, 0.0)",,,145,115,"{'orientation': x: 0.033603819790102823
y: -0.6078678858304546
z: 0.005767800381342732
w: 0.7933058358226597, 'angular_velocity': x: 0.0
y: 0.0
z: 0.0, 'linear_acceleration': x: 0.0
y: 0.0
z: 0.0}","{'orientation': x: -0.007892504203330757
y: 0.018803326234191925
z: -0.779048530425509
w: -0.6266318939710821, 'angular_velocity': x: 0.00045657064765691757
y: -0.0003891515079885722
z: -0.0003978754393756389, 'linear_acceleration': x: 0.32361945000000003
y: -0.21574629999999878
z: 9.83606995}",,N/A
"20-04,09:40:14","(1900, 1500, 1500, 1500, 2000, 1500, 1500, 1500)","(-0.0, -0.0, 1.0, 0.0, 0.0, -1.0, 0.0, 0.0)",,,145,115,"{'orientation': x: 0.033603819790102823
y: -0.6078678858304546
z: 0.005767800381342732
w: 0.7933058358226597, 'angular_velocity': x: 0.0
y: 0.0
z: 0.0, 'linear_acceleration': x: 0.0
y: 0.0
z: 0.0}","{'orientation': x: -0.007892504203330757
y: 0.018803326234191925
z: -0.779048530425509
w: -0.6266318939710821, 'angular_velocity': x: 0.00045657064765691757
y: -0.0003891515079885722
z: -0.0003978754393756389, 'linear_acceleration': x: 0.32361945000000003
y: -0.21574629999999878
z: 9.83606995}",,N/A
"20-04,09:40:14","(1896, 1500, 1500, 1500, 2000, 1500, 1500, 1500)","(-0.0, -0.0, 1.0, 0.0, 0.0, -0.9751354455947876, 0.0, 0.0)",,,147,117,"{'orientation': x: 0.033603819790102823
y: -0.6078678858304546
z: 0.005767800381342732
w: 0.7933058358226597, 'angular_velocity': x: 0.0
y: 0.0
z: 0.0, 'linear_acceleration': x: 0.0
y: 0.0
z: 0.0}","{'orientation': x: -0.007892504203330757
y: 0.018803326234191925
z: -0.779048530425509
w: -0.6266318939710821, 'angular_velocity': x: 0.00045657064765691757
y: -0.0003891515079885722
z: -0.0003978754393756389, 'linear_acceleration': x: 0.32361945000000003
y: -0.21574629999999878
z: 9.83606995}",,N/A
"20-04,09:40:14","(1886, 1500, 1500, 1500, 2000, 1500, 1500, 1500)","(-0.0, -0.0, 1.0, 0.0, 0.0, -0.9254063367843628, 0.0, 0.0)",,,147,117,"{'orientation': x: 0.033603819790102823
y: -0.6078678858304546
z: 0.005767800381342732
w: 0.7933058358226597, 'angular_velocity': x: 0.0
y: 0.0
z: 0.0, 'linear_acceleration': x: 0.0
y: 0.0
z: 0.0}","{'orientation': x: -0.007892504203330757
y: 0.018803326234191925
z: -0.779048530425509
w: -0.6266318939710821, 'angular_velocity': x: 0.00045657064765691757
y: -0.0003891515079885722
z: -0.0003978754393756389, 'linear_acceleration': x: 0.32361945000000003
y: -0.21574629999999878
z: 9.83606995}",,N/A
"20-04,09:40:14","(1850, 1500, 1500, 1500, 2000, 1500, 1500, 1500)","(-0.0, -0.0, 1.0, 0.0, 0.0, -0.751354455947876, 0.0, 0.0)",,,147,117,"{'orientation': x: 0.033603819790102823
y: -0.6078678858304546
z: 0.005767800381342732
w: 0.7933058358226597, 'angular_velocity': x: 0.0
y: 0.0
z: 0.0, 'linear_acceleration': x: 0.0
y: 0.0
z: 0.0}","{'orientation': x: -0.007892504203330757
y: 0.018803326234191925
z: -0.779048530425509
w: -0.6266318939710821, 'angular_velocity': x: 0.00045657064765691757
y: -0.0003891515079885722
z: -0.0003978754393756389, 'linear_acceleration': x: 0.32361945000000003
y: -0.21574629999999878
z: 9.83606995}",,N/A
"20-04,09:40:14","(1844, 1500, 1500, 1500, 2000, 1500, 1500, 1500)","(-0.0, -0.0, 1.0, 0.0, 0.0, -0.7182016968727112, 0.0, 0.0)",,,147,117,"{'orientation': x: 0.033603819790102823
y: -0.6078678858304546
z: 0.005767800381342732
w: 0.7933058358226597, 'angular_velocity': x: 0.0
y: 0.0
z: 0.0, 'linear_acceleration': x: 0.0
y: 0.0
z: 0.0}","{'orientation': x: -0.007892504203330757
y: 0.018803326234191925
z: -0.779048530425509
w: -0.6266318939710821, 'angular_velocity': x: 0.00045657064765691757
y: -0.0003891515079885722
z: -0.0003978754393756389, 'linear_acceleration': x: 0.32361945000000003
y: -0.21574629999999878
z: 9.83606995}",,N/A
"20-04,09:40:14","(1802, 1500, 1500, 1500, 2000, 1500, 1500, 1500)","(-0.0, -0.0, 1.0, 0.0, 0.0, -0.5109971165657043, 0.0, 0.0)",,,148,116,"{'orientation': x: 0.033603819790102823
y: -0.6078678858304546
z: 0.005767800381342732
w: 0.7933058358226597, 'angular_velocity': x: 0.0
y: 0.0
z: 0.0, 'linear_acceleration': x: 0.0
y: 0.0
z: 0.0}","{'orientation': x: -0.007892504203330757
y: 0.018803326234191925
z: -0.779048530425509
w: -0.6266318939710821, 'angular_velocity': x: 0.00045657064765691757
y: -0.0003891515079885722
z: -0.0003978754393756389, 'linear_acceleration': x: 0.32361945000000003
y: -0.21574629999999878
z: 9.83606995}",,N/A
"20-04,09:40:14","(1778, 1500, 1500, 1500, 2000, 1500, 1500, 1500)","(-0.0, -0.0, 1.0, 0.0, 0.0, -0.3866422176361084, 0.0, 0.0)",,,148,116,"{'orientation': x: 0.033603819790102823
y: -0.6078678858304546
z: 0.005767800381342732
w: 0.7933058358226597, 'angular_velocity': x: 0.0
y: 0.0
z: 0.0, 'linear_acceleration': x: 0.0
y: 0.0
z: 0.0}","{'orientation': x: -0.007892504203330757
y: 0.018803326234191925
z: -0.779048530425509
w: -0.6266318939710821, 'angular_velocity': x: 0.00045657064765691757
y: -0.0003891515079885722
z: -0.0003978754393756389, 'linear_acceleration': x: 0.32361945000000003
y: -0.21574629999999878
z: 9.83606995}",,N/A
"20-04,09:40:14","(1760, 1500, 1500, 1500, 2000, 1500, 1500, 1500)","(-0.0, -0.0, 1.0, 0.0, 0.0, -0.2954721748828888, 0.0, 0.0)",,,148,116,"{'orientation': x: 0.033603819790102823
y: -0.6078678858304546
z: 0.005767800381342732
w: 0.7933058358226597, 'angular_velocity': x: 0.0
y: 0.0
z: 0.0, 'linear_acceleration': x: 0.0
y: 0.0
z: 0.0}","{'orientation': x: -0.007892504203330757
y: 0.018803326234191925
z: -0.779048530425509
w: -0.6266318939710821, 'angular_velocity': x: 0.00045657064765691757
y: -0.0003891515079885722
z: -0.0003978754393756389, 'linear_acceleration': x: 0.32361945000000003
y: -0.21574629999999878
z: 9.83606995}",,N/A
"20-04,09:40:14","(1718, 1500, 1500, 1500, 2000, 1500, 1500, 1500)","(-0.0, -0.0, 1.0, 0.0, 0.0, -0.08826755732297897, 0.0, 0.0)",,,148,116,"{'orientation': x: 0.033603819790102823
y: -0.6078678858304546
z: 0.005767800381342732
w: 0.7933058358226597, 'angular_velocity': x: 0.0
y: 0.0
z: 0.0, 'linear_acceleration': x: 0.0
y: 0.0
z: 0.0}","{'orientation': x: -0.007892504203330757
y: 0.018803326234191925
z: -0.779048530425509
w: -0.6266318939710821, 'angular_velocity': x: 0.00045657064765691757
y: -0.0003891515079885722
z: -0.0003978754393756389, 'linear_acceleration': x: 0.32361945000000003
y: -0.21574629999999878
z: 9.83606995}",,N/A
"20-04,09:40:14","(1678, 1500, 1500, 1500, 2000, 1500, 1500, 1500)","(-0.0, -0.0, 1.0, 0.0, 0.0, 0.11316423863172531, 0.0, 0.0)",,,148,116,"{'orientation': x: 0.033603819790102823
y: -0.6078678858304546
z: 0.005767800381342732
w: 0.7933058358226597, 'angular_velocity': x: 0.0
y: 0.0
z: 0.0, 'linear_acceleration': x: 0.0
y: 0.0
z: 0.0}","{'orientation': x: -0.007892504203330757
y: 0.018803326234191925
z: -0.779048530425509
w: -0.6266318939710821, 'angular_velocity': x: 0.00045657064765691757
y: -0.0003891515079885722
z: -0.0003978754393756389, 'linear_acceleration': x: 0.32361945000000003
y: -0.21574629999999878
z: 9.83606995}",,N/A
"20-04,09:40:14","(1654, 1500, 1500, 1500, 2000, 1500, 1500, 1500)","(-0.0, -0.0, 1.0, 0.0, 0.0, 0.22919882833957672, 0.0, 0.0)",,,148,116,"{'orientation': x: 0.033603819790102823
y: -0.6078678858304546
z: 0.005767800381342732
w: 0.7933058358226597, 'angular_velocity': x: 0.0
y: 0.0
z: 0.0, 'linear_acceleration': x: 0.0
y: 0.0
z: 0.0}","{'orientation': x: -0.007892504203330757
y: 0.018803326234191925
z: -0.779048530425509
w: -0.6266318939710821, 'angular_velocity': x: 0.00045657064765691757
y: -0.0003891515079885722
z: -0.0003978754393756389, 'linear_acceleration': x: 0.32361945000000003
y: -0.21574629999999878
z: 9.83606995}",,N/A
"20-04,09:40:14","(1622, 1500, 1500, 1500, 2000, 1500, 1500, 1500)","(-0.0, -0.0, 1.0, 0.0, 0.0, 0.38667434453964233, 0.0, 0.0)",,,148,116,"{'orientation': x: 0.033603819790102823
y: -0.6078678858304546
z: 0.005767800381342732
w: 0.7933058358226597, 'angular_velocity': x: 0.0
y: 0.0
z: 0.0, 'linear_acceleration': x: 0.0
y: 0.0
z: 0.0}","{'orientation': x: -0.007892504203330757
y: 0.018803326234191925
z: -0.779048530425509
w: -0.6266318939710821, 'angular_velocity': x: 0.00045657064765691757
y: -0.0003891515079885722
z: -0.0003978754393756389, 'linear_acceleration': x: 0.32361945000000003
y: -0.21574629999999878
z: 9.83606995}",,N/A
"20-04,09:40:14","(1572, 1500, 1500, 1500, 2000, 1500, 1500, 1500)","(-0.0, -0.0, 1.0, 0.0, 0.0, 0.6436401605606079, 0.0, 0.0)",,,148,116,"{'orientation': x: 0.033603819790102823
y: -0.6078678858304546
z: 0.005767800381342732
w: 0.7933058358226597, 'angular_velocity': x: 0.0
y: 0.0
z: 0.0, 'linear_acceleration': x: 0.0
y: 0.0
z: 0.0}","{'orientation': x: -0.007892504203330757
y: 0.018803326234191925
z: -0.779048530425509
w: -0.6266318939710821, 'angular_velocity': x: 0.00045657064765691757
y: -0.0003891515079885722
z: -0.0003978754393756389, 'linear_acceleration': x: 0.32361945000000003
y: -0.21574629999999878
z: 9.83606995}",,N/A
"20-04,09:40:14","(1528, 1500, 1500, 1500, 2000, 1500, 1500, 1500)","(-0.0, -0.0, 1.0, 0.0, 0.0, 0.8591330051422119, 0.0, 0.0)",,,148,116,"{'orientation': x: 0.033603819790102823
y: -0.6078678858304546
z: 0.005767800381342732
w: 0.7933058358226597, 'angular_velocity': x: 0.0
y: 0.0
z: 0.0, 'linear_acceleration': x: 0.0
y: 0.0
z: 0.0}","{'orientation': x: -0.007892504203330757
y: 0.018803326234191925
z: -0.779048530425509
w: -0.6266318939710821, 'angular_velocity': x: 0.00045657064765691757
y: -0.0003891515079885722
z: -0.0003978754393756389, 'linear_acceleration': x: 0.32361945000000003
y: -0.21574629999999878
z: 9.83606995}",,N/A
"20-04,09:40:14","(1500, 1500, 1500, 1500, 2000, 1500, 1500, 1500)","(-0.0, -0.0, 1.0, 0.0, 0.0, 1.0, 0.0, 0.0)",,,148,116,"{'orientation': x: 0.033603819790102823
y: -0.6078678858304546
z: 0.005767800381342732
w: 0.7933058358226597, 'angular_velocity': x: 0.0
y: 0.0
z: 0.0, 'linear_acceleration': x: 0.0
y: 0.0
z: 0.0}","{'orientation': x: -0.007892504203330757
y: 0.018803326234191925
z: -0.779048530425509
w: -0.6266318939710821, 'angular_velocity': x: 0.00045657064765691757
y: -0.0003891515079885722
z: -0.0003978754393756389, 'linear_acceleration': x: 0.32361945000000003
y: -0.21574629999999878
z: 9.83606995}",,N/A
"20-04,09:40:15","(1478, 1500, 1500, 1500, 2000, 1500, 1500, 1500)","(-0.0, -0.0, 0.8922857046127319, 0.0, 0.0, 1.0, 0.0, 0.0)",,,145,113,"{'orientation': x: 0.04424755082689945
y: -0.4607257645241373
z: -0.8560580860406863
w: 0.23008363147739766, 'angular_velocity': x: 0.0
y: 0.0
z: 0.0, 'linear_acceleration': x: 0.0
y: 0.0
z: 0.0}","{'orientation': x: -0.007846777155994685
y: 0.018966873065717905
z: -0.7789200113868815
w: -0.6267872858278426, 'angular_velocity': x: -0.00020599085837602615
y: 0.00021367543376982215
z: 0.0001731193624436855, 'linear_acceleration': x: 0.3138128
y: -0.20593964999999878
z: 9.83606995}",,N/A
"20-04,09:40:15","(1408, 1500, 1500, 1500, 2000, 1500, 1500, 1500)","(-0.0, -0.0, 0.5441819429397583, 0.0, 0.0, 1.0, 0.0, 0.0)",,,145,113,"{'orientation': x: 0.04424755082689945
y: -0.4607257645241373
z: -0.8560580860406863
w: 0.23008363147739766, 'angular_velocity': x: 0.0
y: 0.0
z: 0.0, 'linear_acceleration': x: 0.0
y: 0.0
z: 0.0}","{'orientation': x: -0.007846777155994685
y: 0.018966873065717905
z: -0.7789200113868815
w: -0.6267872858278426, 'angular_velocity': x: -0.00020599085837602615
y: 0.00021367543376982215
z: 0.0001731193624436855, 'linear_acceleration': x: 0.3138128
y: -0.20593964999999878
z: 9.83606995}",,N/A
"20-04,09:40:15","(1356, 1500, 1500, 1500, 2000, 1500, 1500, 1500)","(-0.0, -0.0, 0.27892792224884033, 0.0, 0.0, 1.0, 0.0, 0.0)",,,146,121,"{'orientation': x: -0.5373294274216969
y: -0.5915772963817113
z: -0.39025098824444815
w: 0.45718437747434876, 'angular_velocity': x: 0.0
y: 0.0
z: 0.0, 'linear_acceleration': x: 0.0
y: 0.0
z: 0.0}","{'orientation': x: -0.007846777155994685
y: 0.018966873065717905
z: -0.7789200113868815
w: -0.6267872858278426, 'angular_velocity': x: -0.00020599085837602615
y: 0.00021367543376982215
z: 0.0001731193624436855, 'linear_acceleration': x: 0.3138128
y: -0.20593964999999878
z: 9.83606995}",,N/A
"20-04,09:40:15","(1300, 1500, 1500, 1500, 2000, 1500, 1500, 1500)","(-0.0, -0.0, -0.0, 0.0, 0.0, 1.0, 0.0, 0.0)",,,146,121,"{'orientation': x: -0.5373294274216969
y: -0.5915772963817113
z: -0.39025098824444815
w: 0.45718437747434876, 'angular_velocity': x: 0.0
y: 0.0
z: 0.0, 'linear_acceleration': x: 0.0
y: 0.0
z: 0.0}","{'orientation': x: -0.007846777155994685
y: 0.018966873065717905
z: -0.7789200113868815
w: -0.6267872858278426, 'angular_velocity': x: -0.00020599085837602615
y: 0.00021367543376982215
z: 0.0001731193624436855, 'linear_acceleration': x: 0.3138128
y: -0.20593964999999878
z: 9.83606995}",,N/A
"20-04,09:40:15","(1252, 1500, 1500, 1500, 2000, 1500, 1500, 1500)","(-0.0, -0.0, -0.23745489120483398, 0.0, 0.0, 1.0, 0.0, 0.0)",,,146,121,"{'orientation': x: -0.5373294274216969
y: -0.5915772963817113
z: -0.39025098824444815
w: 0.45718437747434876, 'angular_velocity': x: 0.0
y: 0.0
z: 0.0, 'linear_acceleration': x: 0.0
y: 0.0
z: 0.0}","{'orientation': x: -0.007846777155994685
y: 0.018966873065717905
z: -0.7789200113868815
w: -0.6267872858278426, 'angular_velocity': x: -0.00020599085837602615
y: 0.00021367543376982215
z: 0.0001731193624436855, 'linear_acceleration': x: 0.3138128
y: -0.20593964999999878
z: 9.83606995}",,N/A
"20-04,09:40:15","(1198, 1500, 1500, 1500, 2000, 1500, 1500, 1500)","(-0.0, -0.0, -0.5109971165657043, 0.0, 0.0, 1.0, 0.0, 0.0)",,,146,121,"{'orientation': x: -0.5373294274216969
y: -0.5915772963817113
z: -0.39025098824444815
w: 0.45718437747434876, 'angular_velocity': x: 0.0
y: 0.0
z: 0.0, 'linear_acceleration': x: 0.0
y: 0.0
z: 0.0}","{'orientation': x: -0.007846777155994685
y: 0.018966873065717905
z: -0.7789200113868815
w: -0.6267872858278426, 'angular_velocity': x: -0.00020599085837602615
y: 0.00021367543376982215
z: 0.0001731193624436855, 'linear_acceleration': x: 0.3138128
y: -0.20593964999999878
z: 9.83606995}",,N/A
"20-04,09:40:15","(1140, 1500, 1500, 1500, 2000, 1500, 1500, 1500)","(-0.0, -0.0, -0.8010835647583008, 0.0, 0.0, 1.0, 0.0, 0.0)",,,146,121,"{'orientation': x: -0.5373294274216969
y: -0.5915772963817113
z: -0.39025098824444815
w: 0.45718437747434876, 'angular_velocity': x: 0.0
y: 0.0
z: 0.0, 'linear_acceleration': x: 0.0
y: 0.0
z: 0.0}","{'orientation': x: -0.007846777155994685
y: 0.018966873065717905
z: -0.7789200113868815
w: -0.6267872858278426, 'angular_velocity': x: -0.00020599085837602615
y: 0.00021367543376982215
z: 0.0001731193624436855, 'linear_acceleration': x: 0.3138128
y: -0.20593964999999878
z: 9.83606995}",,N/A
"20-04,09:40:15","(1108, 1500, 1500, 1500, 2000, 1500, 1500, 1500)","(-0.0, -0.0, -0.9585590958595276, 0.0, 0.0, 1.0, 0.0, 0.0)",,,145,114,"{'orientation': x: 0.5673363864299072
y: 0.5085230166435237
z: 0.36949060651431387
w: -0.5319872722858227, 'angular_velocity': x: 0.0
y: 0.0
z: 0.0, 'linear_acceleration': x: 0.0
y: 0.0
z: 0.0}","{'orientation': x: -0.007846777155994685
y: 0.018966873065717905
z: -0.7789200113868815
w: -0.6267872858278426, 'angular_velocity': x: -0.00020599085837602615
y: 0.00021367543376982215
z: 0.0001731193624436855, 'linear_acceleration': x: 0.3138128
y: -0.20593964999999878
z: 9.83606995}",,N/A
"20-04,09:40:15","(1100, 1500, 1500, 1500, 2000, 1500, 1500, 1500)","(-0.0, -0.0, -1.0, 0.0, 0.0, 1.0, 0.0, 0.0)",,,145,114,"{'orientation': x: 0.5673363864299072
y: 0.5085230166435237
z: 0.36949060651431387
w: -0.5319872722858227, 'angular_velocity': x: 0.0
y: 0.0
z: 0.0, 'linear_acceleration': x: 0.0
y: 0.0
z: 0.0}","{'orientation': x: -0.007846777155994685
y: 0.018966873065717905
z: -0.7789200113868815
w: -0.6267872858278426, 'angular_velocity': x: -0.00020599085837602615
y: 0.00021367543376982215
z: 0.0001731193624436855, 'linear_acceleration': x: 0.3138128
y: -0.20593964999999878
z: 9.83606995}",,N/A
"20-04,09:40:15","(1180, 1500, 1500, 1500, 2000, 1500, 1500, 1500)","(-0.0, -0.0, -0.6021671295166016, 0.0, 0.0, 1.0, 0.0, 0.0)",,,145,122,"{'orientation': x: -0.09023862128208837
y: -0.343979428339252
z: -0.34383907733098695
w: 0.8690856304235417, 'angular_velocity': x: 0.0
y: 0.0
z: 0.0, 'linear_acceleration': x: 0.0
y: 0.0
z: 0.0}","{'orientation': x: -0.007846777155994685
y: 0.018966873065717905
z: -0.7789200113868815
w: -0.6267872858278426, 'angular_velocity': x: -0.00020599085837602615
y: 0.00021367543376982215
z: 0.0001731193624436855, 'linear_acceleration': x: 0.3138128
y: -0.20593964999999878
z: 9.83606995}",,N/A
"20-04,09:40:15","(1288, 1500, 1500, 1500, 2000, 1500, 1500, 1500)","(-0.0, -0.0, -0.05511482059955597, 0.0, 0.0, 1.0, 0.0, 0.0)",,,145,122,"{'orientation': x: -0.09023862128208837
y: -0.343979428339252
z: -0.34383907733098695
w: 0.8690856304235417, 'angular_velocity': x: 0.0
y: 0.0
z: 0.0, 'linear_acceleration': x: 0.0
y: 0.0
z: 0.0}","{'orientation': x: -0.007846777155994685
y: 0.018966873065717905
z: -0.7789200113868815
w: -0.6267872858278426, 'angular_velocity': x: -0.00020599085837602615
y: 0.00021367543376982215
z: 0.0001731193624436855, 'linear_acceleration': x: 0.3138128
y: -0.20593964999999878
z: 9.83606995}",,N/A
"20-04,09:40:15","(1380, 1500, 1500, 1500, 2000, 1500, 1500, 1500)","(-0.0, -0.0, 0.40325069427490234, 0.0, 0.0, 1.0, 0.0, 0.0)",,,145,122,"{'orientation': x: -0.09023862128208837
y: -0.343979428339252
z: -0.34383907733098695
w: 0.8690856304235417, 'angular_velocity': x: 0.0
y: 0.0
z: 0.0, 'linear_acceleration': x: 0.0
y: 0.0
z: 0.0}","{'orientation': x: -0.007846777155994685
y: 0.018966873065717905
z: -0.7789200113868815
w: -0.6267872858278426, 'angular_velocity': x: -0.00020599085837602615
y: 0.00021367543376982215
z: 0.0001731193624436855, 'linear_acceleration': x: 0.3138128
y: -0.20593964999999878
z: 9.83606995}",,N/A
"20-04,09:40:15","(1500, 1500, 1500, 1500, 2000, 1500, 1500, 1500)","(-0.0, -0.0, 1.0, 0.0, 0.0, 1.0, 0.0, 0.0)",,,145,122,"{'orientation': x: -0.09023862128208837
y: -0.343979428339252
z: -0.34383907733098695
w: 0.8690856304235417, 'angular_velocity': x: 0.0
y: 0.0
z: 0.0, 'linear_acceleration': x: 0.0
y: 0.0
z: 0.0}","{'orientation': x: -0.007846777155994685
y: 0.018966873065717905
z: -0.7789200113868815
w: -0.6267872858278426, 'angular_velocity': x: -0.00020599085837602615
y: 0.00021367543376982215
z: 0.0001731193624436855, 'linear_acceleration': x: 0.3138128
y: -0.20593964999999878
z: 9.83606995}",,N/A
"20-04,09:40:19","(1500, 1500, 1174, 1500, 2000, 1500, 1500, 1500)","(-0.13385257124900818, -0.0, 1.0, 0.0, 0.0, 1.0, 0.0, 0.0)",,,144,120,"{'orientation': x: -0.08484113127929063
y: 0.5149163507855553
z: 0.19028877655231716
w: -0.8315367193667154, 'angular_velocity': x: 0.0
y: 0.0
z: 0.0, 'linear_acceleration': x: 0.0
y: 0.0
z: 0.0}","{'orientation': x: -0.007423043936886983
y: 0.02068920784872715
z: -0.8260287141986562
w: -0.5631992706108716, 'angular_velocity': x: 0.0008057914674282074
y: -0.0004252666840329766
z: 0.0002928748726844788, 'linear_acceleration': x: 0.30400615
y: -0.2745861999999988
z: 9.85568325}",,N/A
"20-04,09:40:19","(1500, 1500, 1114, 1500, 2000, 1500, 1500, 1500)","(-0.432227224111557, -0.0, 1.0, 0.0, 0.0, 1.0, 0.0, 0.0)",,,144,120,"{'orientation': x: -0.08484113127929063
y: 0.5149163507855553
z: 0.19028877655231716
w: -0.8315367193667154, 'angular_velocity': x: 0.0
y: 0.0
z: 0.0, 'linear_acceleration': x: 0.0
y: 0.0
z: 0.0}","{'orientation': x: -0.007423043936886983
y: 0.02068920784872715
z: -0.8260287141986562
w: -0.5631992706108716, 'angular_velocity': x: 0.0008057914674282074
y: -0.0004252666840329766
z: 0.0002928748726844788, 'linear_acceleration': x: 0.30400615
y: -0.2745861999999988
z: 9.85568325}",,N/A
"20-04,09:40:19","(1500, 1500, 1074, 1500, 2000, 1500, 1500, 1500)","(-0.6311757564544678, -0.0, 1.0, 0.0, 0.0, 1.0, 0.0, 0.0)",,,144,120,"{'orientation': x: -0.08484113127929063
y: 0.5149163507855553
z: 0.19028877655231716
w: -0.8315367193667154, 'angular_velocity': x: 0.0
y: 0.0
z: 0.0, 'linear_acceleration': x: 0.0
y: 0.0
z: 0.0}","{'orientation': x: -0.007423043936886983
y: 0.02068920784872715
z: -0.8260287141986562
w: -0.5631992706108716, 'angular_velocity': x: 0.0008057914674282074
y: -0.0004252666840329766
z: 0.0002928748726844788, 'linear_acceleration': x: 0.30400615
y: -0.2745861999999988
z: 9.85568325}",,N/A
"20-04,09:40:19","(1500, 1500, 1016, 1500, 2000, 1500, 1500, 1500)","(-0.921262264251709, -0.0, 1.0, 0.0, 0.0, 1.0, 0.0, 0.0)",,,144,120,"{'orientation': x: -0.08484113127929063
y: 0.5149163507855553
z: 0.19028877655231716
w: -0.8315367193667154, 'angular_velocity': x: 0.0
y: 0.0
z: 0.0, 'linear_acceleration': x: 0.0
y: 0.0
z: 0.0}","{'orientation': x: -0.007423043936886983
y: 0.02068920784872715
z: -0.8260287141986562
w: -0.5631992706108716, 'angular_velocity': x: 0.0008057914674282074
y: -0.0004252666840329766
z: 0.0002928748726844788, 'linear_acceleration': x: 0.30400615
y: -0.2745861999999988
z: 9.85568325}",,N/A
"20-04,09:40:19","(1500, 1500, 1000, 1500, 2000, 1500, 1500, 1500)","(-1.0, -0.0, 1.0, 0.0, 0.0, 1.0, 0.0, 0.0)",,,145,112,"{'orientation': x: -0.08484113127929063
y: 0.5149163507855553
z: 0.19028877655231716
w: -0.8315367193667154, 'angular_velocity': x: 0.0
y: 0.0
z: 0.0, 'linear_acceleration': x: 0.0
y: 0.0
z: 0.0}","{'orientation': x: -0.007423043936886983
y: 0.02068920784872715
z: -0.8260287141986562
w: -0.5631992706108716, 'angular_velocity': x: 0.0008057914674282074
y: -0.0004252666840329766
z: 0.0002928748726844788, 'linear_acceleration': x: 0.30400615
y: -0.2745861999999988
z: 9.85568325}",,N/A
"20-04,09:40:21","(1500, 1500, 1044, 1500, 2000, 1500, 1500, 1500)","(-0.7803630828857422, -0.0, 1.0, 0.0, 0.0, 1.0, 0.0, 0.0)",,,146,113,"{'orientation': x: -0.6180055661539386
y: -0.33037247366281813
z: -0.6279477433133492
w: 0.3385332782996853, 'angular_velocity': x: 0.0
y: 0.0
z: 0.0, 'linear_acceleration': x: 0.0
y: 0.0
z: 0.0}","{'orientation': x: -0.00822037852340813
y: 0.01926794425664839
z: -0.858520151741985
w: -0.5123517549047466, 'angular_velocity': x: 0.001986908493563533
y: -0.0017218102002516304
z: 0.06864095479249954, 'linear_acceleration': x: 0.30400615
y: -0.2941994999999988
z: 9.85568325}",,N/A
"20-04,09:40:21","(1500, 1500, 1088, 1500, 2000, 1500, 1500, 1500)","(-0.564870297908783, -0.0, 1.0, 0.0, 0.0, 1.0, 0.0, 0.0)",,,145,116,"{'orientation': x: -0.24886550173811706
y: -0.6550899275641284
z: -0.25099939223049333
w: 0.6677742537329386, 'angular_velocity': x: 0.0
y: 0.0
z: 0.0, 'linear_acceleration': x: 0.0
y: 0.0
z: 0.0}","{'orientation': x: -0.00822037852340813
y: 0.01926794425664839
z: -0.858520151741985
w: -0.5123517549047466, 'angular_velocity': x: 0.001986908493563533
y: -0.0017218102002516304
z: 0.06864095479249954, 'linear_acceleration': x: 0.30400615
y: -0.2941994999999988
z: 9.85568325}",,N/A
"20-04,09:40:21","(1500, 1500, 1142, 1500, 2000, 1500, 1500, 1500)","(-0.2913280725479126, -0.0, 1.0, 0.0, 0.0, 1.0, 0.0, 0.0)",,,145,116,"{'orientation': x: -0.24886550173811706
y: -0.6550899275641284
z: -0.25099939223049333
w: 0.6677742537329386, 'angular_velocity': x: 0.0
y: 0.0
z: 0.0, 'linear_acceleration': x: 0.0
y: 0.0
z: 0.0}","{'orientation': x: -0.00822037852340813
y: 0.01926794425664839
z: -0.858520151741985
w: -0.5123517549047466, 'angular_velocity': x: 0.001986908493563533
y: -0.0017218102002516304
z: 0.06864095479249954, 'linear_acceleration': x: 0.30400615
y: -0.2941994999999988
z: 9.85568325}",,N/A
"20-04,09:40:21","(1500, 1500, 1184, 1500, 2000, 1500, 1500, 1500)","(-0.07583528012037277, -0.0, 1.0, 0.0, 0.0, 1.0, 0.0, 0.0)",,,145,116,"{'orientation': x: -0.24886550173811706
y: -0.6550899275641284
z: -0.25099939223049333
w: 0.6677742537329386, 'angular_velocity': x: 0.0
y: 0.0
z: 0.0, 'linear_acceleration': x: 0.0
y: 0.0
z: 0.0}","{'orientation': x: -0.00822037852340813
y: 0.01926794425664839
z: -0.858520151741985
w: -0.5123517549047466, 'angular_velocity': x: 0.001986908493563533
y: -0.0017218102002516304
z: 0.06864095479249954, 'linear_acceleration': x: 0.30400615
y: -0.2941994999999988
z: 9.85568325}",,N/A
"20-04,09:40:21","(1500, 1500, 1500, 1500, 2000, 1500, 1500, 1500)","(-0.0, -0.0, 1.0, 0.0, 0.0, 1.0, 0.0, 0.0)",,,145,116,"{'orientation': x: -0.24886550173811706
y: -0.6550899275641284
z: -0.25099939223049333
w: 0.6677742537329386, 'angular_velocity': x: 0.0
y: 0.0
z: 0.0, 'linear_acceleration': x: 0.0
y: 0.0
z: 0.0}","{'orientation': x: -0.00822037852340813
y: 0.01926794425664839
z: -0.858520151741985
w: -0.5123517549047466, 'angular_velocity': x: 0.001986908493563533
y: -0.0017218102002516304
z: 0.06864095479249954, 'linear_acceleration': x: 0.30400615
y: -0.2941994999999988
z: 9.85568325}",,N/A
"20-04,09:40:22","(1500, 1920, 1500, 1500, 2000, 1500, 1500, 1500)","(-0.0, -0.0, 1.0, 0.0, -0.10066771507263184, 1.0, 0.0, 0.0)",,,145,112,"{'orientation': x: -0.5985243492342481
y: -0.36431454229211574
z: -0.6101643395467365
w: 0.3697877720986739, 'angular_velocity': x: 0.0
y: 0.0
z: 0.0, 'linear_acceleration': x: 0.0
y: 0.0
z: 0.0}","{'orientation': x: -0.008627999815229982
y: 0.018983077425241704
z: -0.8694787457396109
w: -0.49353005085580015, 'angular_velocity': x: 0.003182216314598918
y: -0.0020190556533634567
z: 0.07762163132429123, 'linear_acceleration': x: 0.28439285000000003
y: -0.2549728999999988
z: 9.8262633}",,N/A
"20-04,09:40:22","(1500, 1968, 1500, 1500, 2000, 1500, 1500, 1500)","(-0.0, -0.0, 1.0, 0.0, -0.34102505445480347, 1.0, 0.0, 0.0)",,,145,112,"{'orientation': x: -0.5985243492342481
y: -0.36431454229211574
z: -0.6101643395467365
w: 0.3697877720986739, 'angular_velocity': x: 0.0
y: 0.0
z: 0.0, 'linear_acceleration': x: 0.0
y: 0.0
z: 0.0}","{'orientation': x: -0.008627999815229982
y: 0.018983077425241704
z: -0.8694787457396109
w: -0.49353005085580015, 'angular_velocity': x: 0.003182216314598918
y: -0.0020190556533634567
z: 0.07762163132429123, 'linear_acceleration': x: 0.28439285000000003
y: -0.2549728999999988
z: 9.8262633}",,N/A
"20-04,09:40:22","(1500, 2022, 1500, 1500, 2000, 1500, 1500, 1500)","(-0.0, -0.0, 1.0, 0.0, -0.6145672798156738, 1.0, 0.0, 0.0)",,,145,112,"{'orientation': x: -0.5985243492342481
y: -0.36431454229211574
z: -0.6101643395467365
w: 0.3697877720986739, 'angular_velocity': x: 0.0
y: 0.0
z: 0.0, 'linear_acceleration': x: 0.0
y: 0.0
z: 0.0}","{'orientation': x: -0.008627999815229982
y: 0.018983077425241704
z: -0.8694787457396109
w: -0.49353005085580015, 'angular_velocity': x: 0.003182216314598918
y: -0.0020190556533634567
z: 0.07762163132429123, 'linear_acceleration': x: 0.28439285000000003
y: -0.2549728999999988
z: 9.8262633}",,N/A
"20-04,09:40:22","(1500, 2072, 1500, 1500, 2000, 1500, 1500, 1500)","(-0.0, -0.0, 1.0, 0.0, -0.8632128238677979, 1.0, 0.0, 0.0)",,,145,113,"{'orientation': x: 0.5014603809275717
y: 0.3177383403705414
z: 0.6935809164507492
w: -0.4080751716949806, 'angular_velocity': x: 0.0
y: 0.0
z: 0.0, 'linear_acceleration': x: 0.0
y: 0.0
z: 0.0}","{'orientation': x: -0.008627999815229982
y: 0.018983077425241704
z: -0.8694787457396109
w: -0.49353005085580015, 'angular_velocity': x: 0.003182216314598918
y: -0.0020190556533634567
z: 0.07762163132429123, 'linear_acceleration': x: 0.28439285000000003
y: -0.2549728999999988
z: 9.8262633}",,N/A
"20-04,09:40:22","(1500, 2100, 1500, 1500, 2000, 1500, 1500, 1500)","(-0.0, -0.0, 1.0, 0.0, -1.0, 1.0, 0.0, 0.0)",,,145,113,"{'orientation': x: 0.5014603809275717
y: 0.3177383403705414
z: 0.6935809164507492
w: -0.4080751716949806, 'angular_velocity': x: 0.0
y: 0.0
z: 0.0, 'linear_acceleration': x: 0.0
y: 0.0
z: 0.0}","{'orientation': x: -0.008627999815229982
y: 0.018983077425241704
z: -0.8694787457396109
w: -0.49353005085580015, 'angular_velocity': x: 0.003182216314598918
y: -0.0020190556533634567
z: 0.07762163132429123, 'linear_acceleration': x: 0.28439285000000003
y: -0.2549728999999988
z: 9.8262633}",,N/A
"20-04,09:40:22","(1500, 2080, 1500, 1500, 2000, 1500, 1500, 1500)","(-0.0, -0.0, 1.0, 0.0, -0.9046537280082703, 1.0, 0.0, 0.0)",,,145,117,"{'orientation': x: -0.6052549505787793
y: -0.026133604675723704
z: -0.7827045048249764
w: 0.14267844137507532, 'angular_velocity': x: 0.0
y: 0.0
z: 0.0, 'linear_acceleration': x: 0.0
y: 0.0
z: 0.0}","{'orientation': x: -0.008730406170582732
y: 0.018875126892996207
z: -0.8710387307740698
w: -0.4907739185046079, 'angular_velocity': x: 0.0006908420473337173
y: -0.00020296219736337664
z: -0.00026875361800193787, 'linear_acceleration': x: 0.2745862
y: -0.2549728999999988
z: 9.8458766}",,N/A
"20-04,09:40:22","(1500, 2016, 1500, 1500, 2000, 1500, 1500, 1500)","(-0.0, -0.0, 1.0, 0.0, -0.581414520740509, 1.0, 0.0, 0.0)",,,145,117,"{'orientation': x: -0.6052549505787793
y: -0.026133604675723704
z: -0.7827045048249764
w: 0.14267844137507532, 'angular_velocity': x: 0.0
y: 0.0
z: 0.0, 'linear_acceleration': x: 0.0
y: 0.0
z: 0.0}","{'orientation': x: -0.008730406170582732
y: 0.018875126892996207
z: -0.8710387307740698
w: -0.4907739185046079, 'angular_velocity': x: 0.0006908420473337173
y: -0.00020296219736337664
z: -0.00026875361800193787, 'linear_acceleration': x: 0.2745862
y: -0.2549728999999988
z: 9.8458766}",,N/A
"20-04,09:40:22","(1500, 1964, 1500, 1500, 2000, 1500, 1500, 1500)","(-0.0, -0.0, 1.0, 0.0, -0.31616050004959106, 1.0, 0.0, 0.0)",,,148,119,"{'orientation': x: -0.6052549505787793
y: -0.026133604675723704
z: -0.7827045048249764
w: 0.14267844137507532, 'angular_velocity': x: 0.0
y: 0.0
z: 0.0, 'linear_acceleration': x: 0.0
y: 0.0
z: 0.0}","{'orientation': x: -0.008730406170582732
y: 0.018875126892996207
z: -0.8710387307740698
w: -0.4907739185046079, 'angular_velocity': x: 0.0006908420473337173
y: -0.00020296219736337664
z: -0.00026875361800193787, 'linear_acceleration': x: 0.2745862
y: -0.2549728999999988
z: 9.8458766}",,N/A
"20-04,09:40:22","(1500, 1918, 1500, 1500, 2000, 1500, 1500, 1500)","(-0.0, -0.0, 1.0, 0.0, -0.09237952530384064, 1.0, 0.0, 0.0)",,,148,119,"{'orientation': x: -0.6052549505787793
y: -0.026133604675723704
z: -0.7827045048249764
w: 0.14267844137507532, 'angular_velocity': x: 0.0
y: 0.0
z: 0.0, 'linear_acceleration': x: 0.0
y: 0.0
z: 0.0}","{'orientation': x: -0.008730406170582732
y: 0.018875126892996207
z: -0.8710387307740698
w: -0.4907739185046079, 'angular_velocity': x: 0.0006908420473337173
y: -0.00020296219736337664
z: -0.00026875361800193787, 'linear_acceleration': x: 0.2745862
y: -0.2549728999999988
z: 9.8458766}",,N/A
"20-04,09:40:23","(1500, 1500, 1500, 1500, 2000, 1500, 1500, 1500)","(-0.0, -0.0, 1.0, 0.0, -0.0, 1.0, 0.0, 0.0)",,,148,119,"{'orientation': x: -0.6052549505787793
y: -0.026133604675723704
z: -0.7827045048249764
w: 0.14267844137507532, 'angular_velocity': x: 0.0
y: 0.0
z: 0.0, 'linear_acceleration': x: 0.0
y: 0.0
z: 0.0}","{'orientation': x: -0.008730406170582732
y: 0.018875126892996207
z: -0.8710387307740698
w: -0.4907739185046079, 'angular_velocity': x: 0.0006908420473337173
y: -0.00020296219736337664
z: -0.00026875361800193787, 'linear_acceleration': x: 0.2745862
y: -0.2549728999999988
z: 9.8458766}",,N/A
"20-04,09:40:23","(1500, 902, 1500, 1500, 2000, 1500, 1500, 1500)","(-0.0, -0.0, 1.0, 0.0, 0.009594055823981762, 1.0, 0.0, 0.0)",,,147,119,"{'orientation': x: -0.6052549505787793
y: -0.026133604675723704
z: -0.7827045048249764
w: 0.14267844137507532, 'angular_velocity': x: 0.0
y: 0.0
z: 0.0, 'linear_acceleration': x: 0.0
y: 0.0
z: 0.0}","{'orientation': x: -0.008730406170582732
y: 0.018875126892996207
z: -0.8710387307740698
w: -0.4907739185046079, 'angular_velocity': x: 0.0006908420473337173
y: -0.00020296219736337664
z: -0.00026875361800193787, 'linear_acceleration': x: 0.2745862
y: -0.2549728999999988
z: 9.8458766}",,N/A
"20-04,09:40:23","(1500, 978, 1500, 1500, 2000, 1500, 1500, 1500)","(-0.0, -0.0, 1.0, 0.0, 0.3908505439758301, 1.0, 0.0, 0.0)",,,147,112,"{'orientation': x: -0.6052549505787793
y: -0.026133604675723704
z: -0.7827045048249764
w: 0.14267844137507532, 'angular_velocity': x: 0.0
y: 0.0
z: 0.0, 'linear_acceleration': x: 0.0
y: 0.0
z: 0.0}","{'orientation': x: -0.008730406170582732
y: 0.018875126892996207
z: -0.8710387307740698
w: -0.4907739185046079, 'angular_velocity': x: 0.0006908420473337173
y: -0.00020296219736337664
z: -0.00026875361800193787, 'linear_acceleration': x: 0.2745862
y: -0.2549728999999988
z: 9.8458766}",,N/A
"20-04,09:40:23","(1500, 1072, 1500, 1500, 2000, 1500, 1500, 1500)","(-0.0, -0.0, 1.0, 0.0, 0.8550209999084473, 1.0, 0.0, 0.0)",,,147,112,"{'orientation': x: -0.6052549505787793
y: -0.026133604675723704
z: -0.7827045048249764
w: 0.14267844137507532, 'angular_velocity': x: 0.0
y: 0.0
z: 0.0, 'linear_acceleration': x: 0.0
y: 0.0
z: 0.0}","{'orientation': x: -0.008730406170582732
y: 0.018875126892996207
z: -0.8710387307740698
w: -0.4907739185046079, 'angular_velocity': x: 0.0006908420473337173
y: -0.00020296219736337664
z: -0.00026875361800193787, 'linear_acceleration': x: 0.2745862
y: -0.2549728999999988
z: 9.8458766}",,N/A
"20-04,09:40:23","(1500, 1100, 1500, 1500, 2000, 1500, 1500, 1500)","(-0.0, -0.0, 1.0, 0.0, 1.0, 1.0, 0.0, 0.0)",,,147,112,"{'orientation': x: -0.6052549505787793
y: -0.026133604675723704
z: -0.7827045048249764
w: 0.14267844137507532, 'angular_velocity': x: 0.0
y: 0.0
z: 0.0, 'linear_acceleration': x: 0.0
y: 0.0
z: 0.0}","{'orientation': x: -0.008730406170582732
y: 0.018875126892996207
z: -0.8710387307740698
w: -0.4907739185046079, 'angular_velocity': x: 0.0006908420473337173
y: -0.00020296219736337664
z: -0.00026875361800193787, 'linear_acceleration': x: 0.2745862
y: -0.2549728999999988
z: 9.8458766}",,N/A
"20-04,09:40:29","(1500, 1096, 1500, 1500, 2000, 1500, 1500, 1500)","(-0.0, -0.0, 1.0, 0.0, 0.9793437719345093, 1.0, 0.0, 0.0)",,,170,118,"{'orientation': x: 0.759502973614753
y: -0.20317125714375517
z: -0.2776349972827834
w: 0.5520828575719073, 'angular_velocity': x: 0.0
y: 0.0
z: 0.0, 'linear_acceleration': x: 0.0
y: 0.0
z: 0.0}","{'orientation': x: -0.00818416517974355
y: 0.0183432269295825
z: -0.864167169487846
w: -0.5028037874215796, 'angular_velocity': x: -0.00035196542739868164
y: -0.00010569079313427217
z: -0.0005648420192301273, 'linear_acceleration': x: 0.28439285000000003
y: -0.2549728999999988
z: 9.8262633}",,N/A
"20-04,09:40:29","(1500, 1092, 1500, 1500, 2000, 1500, 1500, 1500)","(-0.0, -0.0, 1.0, 0.0, 0.9627674221992493, 1.0, 0.0, 0.0)",,,170,118,"{'orientation': x: 0.759502973614753
y: -0.20317125714375517
z: -0.2776349972827834
w: 0.5520828575719073, 'angular_velocity': x: 0.0
y: 0.0
z: 0.0, 'linear_acceleration': x: 0.0
y: 0.0
z: 0.0}","{'orientation': x: -0.00818416517974355
y: 0.0183432269295825
z: -0.864167169487846
w: -0.5028037874215796, 'angular_velocity': x: -0.00035196542739868164
y: -0.00010569079313427217
z: -0.0005648420192301273, 'linear_acceleration': x: 0.28439285000000003
y: -0.2549728999999988
z: 9.8262633}",,N/A
"20-04,09:40:29","(1500, 1072, 1500, 1500, 2000, 1500, 1500, 1500)","(-0.0, -0.0, 1.0, 0.0, 0.8550209999084473, 1.0, 0.0, 0.0)",,,170,118,"{'orientation': x: 0.759502973614753
y: -0.20317125714375517
z: -0.2776349972827834
w: 0.5520828575719073, 'angular_velocity': x: 0.0
y: 0.0
z: 0.0, 'linear_acceleration': x: 0.0
y: 0.0
z: 0.0}","{'orientation': x: -0.00818416517974355
y: 0.0183432269295825
z: -0.864167169487846
w: -0.5028037874215796, 'angular_velocity': x: -0.00035196542739868164
y: -0.00010569079313427217
z: -0.0005648420192301273, 'linear_acceleration': x: 0.28439285000000003
y: -0.2549728999999988
z: 9.8262633}",,N/A
"20-04,09:40:29","(1500, 1046, 1500, 1500, 2000, 1500, 1500, 1500)","(-0.0, -0.0, 1.0, 0.0, 0.7306982278823853, 1.0, 0.0, 0.0)",,,170,118,"{'orientation': x: 0.759502973614753
y: -0.20317125714375517
z: -0.2776349972827834
w: 0.5520828575719073, 'angular_velocity': x: 0.0
y: 0.0
z: 0.0, 'linear_acceleration': x: 0.0
y: 0.0
z: 0.0}","{'orientation': x: -0.00818416517974355
y: 0.0183432269295825
z: -0.864167169487846
w: -0.5028037874215796, 'angular_velocity': x: -0.00035196542739868164
y: -0.00010569079313427217
z: -0.0005648420192301273, 'linear_acceleration': x: 0.28439285000000003
y: -0.2549728999999988
z: 9.8262633}",,N/A
"20-04,09:40:29","(1500, 1032, 1500, 1500, 2000, 1500, 1500, 1500)","(-0.0, -0.0, 1.0, 0.0, 0.6643927693367004, 1.0, 0.0, 0.0)",,,170,118,"{'orientation': x: 0.759502973614753
y: -0.20317125714375517
z: -0.2776349972827834
w: 0.5520828575719073, 'angular_velocity': x: 0.0
y: 0.0
z: 0.0, 'linear_acceleration': x: 0.0
y: 0.0
z: 0.0}","{'orientation': x: -0.00818416517974355
y: 0.0183432269295825
z: -0.864167169487846
w: -0.5028037874215796, 'angular_velocity': x: -0.00035196542739868164
y: -0.00010569079313427217
z: -0.0005648420192301273, 'linear_acceleration': x: 0.28439285000000003
y: -0.2549728999999988
z: 9.8262633}",,N/A
"20-04,09:40:29","(1500, 1022, 1500, 1500, 2000, 1500, 1500, 1500)","(-0.0, -0.0, 1.0, 0.0, 0.6063754558563232, 1.0, 0.0, 0.0)",,,170,131,"{'orientation': x: 0.759502973614753
y: -0.20317125714375517
z: -0.2776349972827834
w: 0.5520828575719073, 'angular_velocity': x: 0.0
y: 0.0
z: 0.0, 'linear_acceleration': x: 0.0
y: 0.0
z: 0.0}","{'orientation': x: -0.00818416517974355
y: 0.0183432269295825
z: -0.864167169487846
w: -0.5028037874215796, 'angular_velocity': x: -0.00035196542739868164
y: -0.00010569079313427217
z: -0.0005648420192301273, 'linear_acceleration': x: 0.28439285000000003
y: -0.2549728999999988
z: 9.8262633}",,N/A
"20-04,09:40:29","(1500, 1012, 1500, 1500, 2000, 1500, 1500, 1500)","(-0.0, -0.0, 1.0, 0.0, 0.5649345517158508, 1.0, 0.0, 0.0)",,,170,131,"{'orientation': x: 0.759502973614753
y: -0.20317125714375517
z: -0.2776349972827834
w: 0.5520828575719073, 'angular_velocity': x: 0.0
y: 0.0
z: 0.0, 'linear_acceleration': x: 0.0
y: 0.0
z: 0.0}","{'orientation': x: -0.00818416517974355
y: 0.0183432269295825
z: -0.864167169487846
w: -0.5028037874215796, 'angular_velocity': x: -0.00035196542739868164
y: -0.00010569079313427217
z: -0.0005648420192301273, 'linear_acceleration': x: 0.28439285000000003
y: -0.2549728999999988
z: 9.8262633}",,N/A
"20-04,09:40:29","(1500, 1002, 1500, 1500, 2000, 1500, 1500, 1500)","(-0.0, -0.0, 1.0, 0.0, 0.5069172382354736, 1.0, 0.0, 0.0)",,,170,131,"{'orientation': x: 0.759502973614753
y: -0.20317125714375517
z: -0.2776349972827834
w: 0.5520828575719073, 'angular_velocity': x: 0.0
y: 0.0
z: 0.0, 'linear_acceleration': x: 0.0
y: 0.0
z: 0.0}","{'orientation': x: -0.00818416517974355
y: 0.0183432269295825
z: -0.864167169487846
w: -0.5028037874215796, 'angular_velocity': x: -0.00035196542739868164
y: -0.00010569079313427217
z: -0.0005648420192301273, 'linear_acceleration': x: 0.28439285000000003
y: -0.2549728999999988
z: 9.8262633}",,N/A
"20-04,09:40:29","(1500, 988, 1500, 1500, 2000, 1500, 1500, 1500)","(-0.0, -0.0, 1.0, 0.0, 0.4405796527862549, 1.0, 0.0, 0.0)",,,170,131,"{'orientation': x: 0.759502973614753
y: -0.20317125714375517
z: -0.2776349972827834
w: 0.5520828575719073, 'angular_velocity': x: 0.0
y: 0.0
z: 0.0, 'linear_acceleration': x: 0.0
y: 0.0
z: 0.0}","{'orientation': x: -0.00818416517974355
y: 0.0183432269295825
z: -0.864167169487846
w: -0.5028037874215796, 'angular_velocity': x: -0.00035196542739868164
y: -0.00010569079313427217
z: -0.0005648420192301273, 'linear_acceleration': x: 0.28439285000000003
y: -0.2549728999999988
z: 9.8262633}",,N/A
"20-04,09:40:29","(1500, 974, 1500, 1500, 2000, 1500, 1500, 1500)","(-0.0, -0.0, 1.0, 0.0, 0.3659859895706177, 1.0, 0.0, 0.0)",,,170,131,"{'orientation': x: 0.759502973614753
y: -0.20317125714375517
z: -0.2776349972827834
w: 0.5520828575719073, 'angular_velocity': x: 0.0
y: 0.0
z: 0.0, 'linear_acceleration': x: 0.0
y: 0.0
z: 0.0}","{'orientation': x: -0.00818416517974355
y: 0.0183432269295825
z: -0.864167169487846
w: -0.5028037874215796, 'angular_velocity': x: -0.00035196542739868164
y: -0.00010569079313427217
z: -0.0005648420192301273, 'linear_acceleration': x: 0.28439285000000003
y: -0.2549728999999988
z: 9.8262633}",,N/A
"20-04,09:40:29","(1500, 960, 1500, 1500, 2000, 1500, 1500, 1500)","(-0.0, -0.0, 1.0, 0.0, 0.29968053102493286, 1.0, 0.0, 0.0)",,,170,131,"{'orientation': x: 0.759502973614753
y: -0.20317125714375517
z: -0.2776349972827834
w: 0.5520828575719073, 'angular_velocity': x: 0.0
y: 0.0
z: 0.0, 'linear_acceleration': x: 0.0
y: 0.0
z: 0.0}","{'orientation': x: -0.00818416517974355
y: 0.0183432269295825
z: -0.864167169487846
w: -0.5028037874215796, 'angular_velocity': x: -0.00035196542739868164
y: -0.00010569079313427217
z: -0.0005648420192301273, 'linear_acceleration': x: 0.28439285000000003
y: -0.2549728999999988
z: 9.8262633}",,N/A
"20-04,09:40:29","(1500, 948, 1500, 1500, 2000, 1500, 1500, 1500)","(-0.0, -0.0, 1.0, 0.0, 0.24166323244571686, 1.0, 0.0, 0.0)",,,170,121,"{'orientation': x: -0.733517608723069
y: 0.28638486382241507
z: 0.17341340354759577
w: -0.5914925349796445, 'angular_velocity': x: 0.0
y: 0.0
z: 0.0, 'linear_acceleration': x: 0.0
y: 0.0
z: 0.0}","{'orientation': x: -0.00818416517974355
y: 0.0183432269295825
z: -0.864167169487846
w: -0.5028037874215796, 'angular_velocity': x: -0.00035196542739868164
y: -0.00010569079313427217
z: -0.0005648420192301273, 'linear_acceleration': x: 0.28439285000000003
y: -0.2549728999999988
z: 9.8262633}",,N/A
"20-04,09:40:29","(1500, 934, 1500, 1500, 2000, 1500, 1500, 1500)","(-0.0, -0.0, 1.0, 0.0, 0.16706956923007965, 1.0, 0.0, 0.0)",,,170,121,"{'orientation': x: -0.733517608723069
y: 0.28638486382241507
z: 0.17341340354759577
w: -0.5914925349796445, 'angular_velocity': x: 0.0
y: 0.0
z: 0.0, 'linear_acceleration': x: 0.0
y: 0.0
z: 0.0}","{'orientation': x: -0.00818416517974355
y: 0.0183432269295825
z: -0.864167169487846
w: -0.5028037874215796, 'angular_velocity': x: -0.00035196542739868164
y: -0.00010569079313427217
z: -0.0005648420192301273, 'linear_acceleration': x: 0.28439285000000003
y: -0.2549728999999988
z: 9.8262633}",,N/A
"20-04,09:40:29","(1500, 924, 1500, 1500, 2000, 1500, 1500, 1500)","(-0.0, -0.0, 1.0, 0.0, 0.11734045296907425, 1.0, 0.0, 0.0)",,,170,121,"{'orientation': x: -0.733517608723069
y: 0.28638486382241507
z: 0.17341340354759577
w: -0.5914925349796445, 'angular_velocity': x: 0.0
y: 0.0
z: 0.0, 'linear_acceleration': x: 0.0
y: 0.0
z: 0.0}","{'orientation': x: -0.00818416517974355
y: 0.0183432269295825
z: -0.864167169487846
w: -0.5028037874215796, 'angular_velocity': x: -0.00035196542739868164
y: -0.00010569079313427217
z: -0.0005648420192301273, 'linear_acceleration': x: 0.28439285000000003
y: -0.2549728999999988
z: 9.8262633}",,N/A
"20-04,09:40:29","(1500, 908, 1500, 1500, 2000, 1500, 1500, 1500)","(-0.0, -0.0, 1.0, 0.0, 0.04274679347872734, 1.0, 0.0, 0.0)",,,170,121,"{'orientation': x: -0.733517608723069
y: 0.28638486382241507
z: 0.17341340354759577
w: -0.5914925349796445, 'angular_velocity': x: 0.0
y: 0.0
z: 0.0, 'linear_acceleration': x: 0.0
y: 0.0
z: 0.0}","{'orientation': x: -0.00818416517974355
y: 0.0183432269295825
z: -0.864167169487846
w: -0.5028037874215796, 'angular_velocity': x: -0.00035196542739868164
y: -0.00010569079313427217
z: -0.0005648420192301273, 'linear_acceleration': x: 0.28439285000000003
y: -0.2549728999999988
z: 9.8262633}",,N/A
"20-04,09:40:29","(1500, 1500, 1500, 1500, 2000, 1500, 1500, 1500)","(-0.0, -0.0, 1.0, 0.0, -0.0, 1.0, 0.0, 0.0)",,,170,121,"{'orientation': x: -0.733517608723069
y: 0.28638486382241507
z: 0.17341340354759577
w: -0.5914925349796445, 'angular_velocity': x: 0.0
y: 0.0
z: 0.0, 'linear_acceleration': x: 0.0
y: 0.0
z: 0.0}","{'orientation': x: -0.00818416517974355
y: 0.0183432269295825
z: -0.864167169487846
w: -0.5028037874215796, 'angular_velocity': x: -0.00035196542739868164
y: -0.00010569079313427217
z: -0.0005648420192301273, 'linear_acceleration': x: 0.28439285000000003
y: -0.2549728999999988
z: 9.8262633}",,N/A
"20-04,09:40:29","(1500, 1500, 1500, 1500, 2000, 1500, 1500, 1500)","(-0.0, -0.0, 1.0, 0.0, -0.0, 1.0, 0.0, 0.0)",,,174,122,"{'orientation': x: -0.733517608723069
y: 0.28638486382241507
z: 0.17341340354759577
w: -0.5914925349796445, 'angular_velocity': x: 0.0
y: 0.0
z: 0.0, 'linear_acceleration': x: 0.0
y: 0.0
z: 0.0}","{'orientation': x: -0.00818416517974355
y: 0.0183432269295825
z: -0.864167169487846
w: -0.5028037874215796, 'angular_velocity': x: -0.00035196542739868164
y: -0.00010569079313427217
z: -0.0005648420192301273, 'linear_acceleration': x: 0.28439285000000003
y: -0.2549728999999988
z: 9.8262633}",,N/A
"20-04,09:40:30","(1500, 1500, 1500, 1146, 2000, 1500, 1500, 1500)","(-0.0, -0.0, 1.0, -0.2747517228126526, -0.0, 1.0, 0.0, 0.0)",,,178,125,"{'orientation': x: 0.6987132614978482
y: -0.35454703226684375
z: -0.07930195684057709
w: 0.6162851448469845, 'angular_velocity': x: 0.0
y: 0.0
z: 0.0, 'linear_acceleration': x: 0.0
y: 0.0
z: 0.0}","{'orientation': x: -0.008074417197853831
y: 0.01823430347637693
z: -0.8628084804420766
w: -0.505137446682466, 'angular_velocity': x: 0.00051528075709939
y: 0.0009738130029290915
z: 0.0003551114350557326, 'linear_acceleration': x: 0.2745862
y: -0.24516624999999878
z: 9.8262633}",,N/A
"20-04,09:40:30","(1500, 1500, 1500, 1008, 2000, 1500, 1500, 1500)","(-0.0, -0.0, 1.0, -0.9627031683921814, -0.0, 1.0, 0.0, 0.0)",,,178,125,"{'orientation': x: 0.6987132614978482
y: -0.35454703226684375
z: -0.07930195684057709
w: 0.6162851448469845, 'angular_velocity': x: 0.0
y: 0.0
z: 0.0, 'linear_acceleration': x: 0.0
y: 0.0
z: 0.0}","{'orientation': x: -0.008074417197853831
y: 0.01823430347637693
z: -0.8628084804420766
w: -0.505137446682466, 'angular_velocity': x: 0.00051528075709939
y: 0.0009738130029290915
z: 0.0003551114350557326, 'linear_acceleration': x: 0.2745862
y: -0.24516624999999878
z: 9.8262633}",,N/A
"20-04,09:40:30","(1500, 1500, 1500, 1000, 2000, 1500, 1500, 1500)","(-0.0, -0.0, 1.0, -1.0, -0.0, 1.0, 0.0, 0.0)",,,178,125,"{'orientation': x: 0.6987132614978482
y: -0.35454703226684375
z: -0.07930195684057709
w: 0.6162851448469845, 'angular_velocity': x: 0.0
y: 0.0
z: 0.0, 'linear_acceleration': x: 0.0
y: 0.0
z: 0.0}","{'orientation': x: -0.008074417197853831
y: 0.01823430347637693
z: -0.8628084804420766
w: -0.505137446682466, 'angular_velocity': x: 0.00051528075709939
y: 0.0009738130029290915
z: 0.0003551114350557326, 'linear_acceleration': x: 0.2745862
y: -0.24516624999999878
z: 9.8262633}",,N/A
"20-04,09:40:31","(1500, 1500, 1500, 1038, 2000, 1500, 1500, 1500)","(-0.0, -0.0, 1.0, -0.8052276372909546, -0.0, 1.0, 0.0, 0.0)",,,173,143,"{'orientation': x: -0.44573644865757395
y: -0.5253821790501834
z: 0.7067620156403475
w: -0.16056163153944406, 'angular_velocity': x: 0.0
y: 0.0
z: 0.0, 'linear_acceleration': x: 0.0
y: 0.0
z: 0.0}","{'orientation': x: -0.008016133590757143
y: 0.01811736374743363
z: -0.8615057808894611
w: -0.5073611063405808, 'angular_velocity': x: 0.0004915173631161451
y: -6.02119835093618e-05
z: -0.00042787380516529083, 'linear_acceleration': x: 0.28439285000000003
y: -0.24516624999999878
z: 9.8262633}",,N/A
"20-04,09:40:31","(1500, 1500, 1500, 1116, 2000, 1500, 1500, 1500)","(-0.0, -0.0, 1.0, -0.4156508445739746, -0.0, 1.0, 0.0, 0.0)",,,173,143,"{'orientation': x: -0.44573644865757395
y: -0.5253821790501834
z: 0.7067620156403475
w: -0.16056163153944406, 'angular_velocity': x: 0.0
y: 0.0
z: 0.0, 'linear_acceleration': x: 0.0
y: 0.0
z: 0.0}","{'orientation': x: -0.008016133590757143
y: 0.01811736374743363
z: -0.8615057808894611
w: -0.5073611063405808, 'angular_velocity': x: 0.0004915173631161451
y: -6.02119835093618e-05
z: -0.00042787380516529083, 'linear_acceleration': x: 0.28439285000000003
y: -0.24516624999999878
z: 9.8262633}",,N/A
"20-04,09:40:31","(1500, 1500, 1500, 1500, 2000, 1500, 1500, 1500)","(-0.0, -0.0, 1.0, -0.0, -0.0, 1.0, 0.0, 0.0)",,,173,143,"{'orientation': x: -0.44573644865757395
y: -0.5253821790501834
z: 0.7067620156403475
w: -0.16056163153944406, 'angular_velocity': x: 0.0
y: 0.0
z: 0.0, 'linear_acceleration': x: 0.0
y: 0.0
z: 0.0}","{'orientation': x: -0.008016133590757143
y: 0.01811736374743363
z: -0.8615057808894611
w: -0.5073611063405808, 'angular_velocity': x: 0.0004915173631161451
y: -6.02119835093618e-05
z: -0.00042787380516529083, 'linear_acceleration': x: 0.28439285000000003
y: -0.24516624999999878
z: 9.8262633}",,N/A
"20-04,09:40:31","(1500, 1500, 1500, 1500, 2000, 1500, 1500, 1500)","(-0.0, -0.0, 1.0, -0.0, -0.0, 1.0, 0.0, 0.0)",,,178,139,"{'orientation': x: 0.07251028744071283
y: 0.16452055237010405
z: -0.9641606084451757
w: -0.19511424137086883, 'angular_velocity': x: 0.0
y: 0.0
z: 0.0, 'linear_acceleration': x: 0.0
y: 0.0
z: 0.0}","{'orientation': x: -0.008016133590757143
y: 0.01811736374743363
z: -0.8615057808894611
w: -0.5073611063405808, 'angular_velocity': x: 0.0004915173631161451
y: -6.02119835093618e-05
z: -0.00042787380516529083, 'linear_acceleration': x: 0.28439285000000003
y: -0.24516624999999878
z: 9.8262633}",,N/A
"20-04,09:40:37","(1500, 1500, 1500, 1500, 1000, 1500, 1500, 1500)","(-0.0, -0.0, 1.0, -0.0, -0.0, 1.0, 0.0, 0.0)",,,174,155,"{'orientation': x: -0.5434567811753144
y: 0.24813835697339148
z: -0.8001914021960502
w: 0.05268588657915205, 'angular_velocity': x: 0.0
y: 0.0
z: 0.0, 'linear_acceleration': x: 0.0
y: 0.0
z: 0.0}","{'orientation': x: -0.007681649282506211
y: 0.01785423982273014
z: -0.8559485068969567
w: -0.5166956279334318, 'angular_velocity': x: 0.000798859866335988
y: -2.0413892343640324e-05
z: 3.68054024875164e-05, 'linear_acceleration': x: 0.2745862
y: -0.2549728999999988
z: 9.83606995}",,N/A
"20-04,09:40:37","(1500, 1500, 1500, 1500, 1000, 1500, 1500, 1500)","(-0.0, -0.0, 1.0, -0.0, -0.0, 1.0, 0.0, 0.0)",,,173,158,"{'orientation': x: -0.5434567811753144
y: 0.24813835697339148
z: -0.8001914021960502
w: 0.05268588657915205, 'angular_velocity': x: 0.0
y: 0.0
z: 0.0, 'linear_acceleration': x: 0.0
y: 0.0
z: 0.0}","{'orientation': x: -0.007681649282506211
y: 0.01785423982273014
z: -0.8559485068969567
w: -0.5166956279334318, 'angular_velocity': x: 0.000798859866335988
y: -2.0413892343640324e-05
z: 3.68054024875164e-05, 'linear_acceleration': x: 0.2745862
y: -0.2549728999999988
z: 9.83606995}",,N/A
